{
  "num_rows": 20,
  "file_format": "sql",
  "name": "Spring Kafka - Marketing Promotions",
  "table_name": "mkt_promotions",
  "include_create_sql": true,
  "columns": [
    {
      "name": "promotion_id",
      "null_percentage": 0,
      "type": "Row Number",
      "formula": null
    },
    {
      "name": "promotion_name",
      "null_percentage": 0,
      "type": "Catch Phrase",
      "formula": null
    },
    {
      "name": "promotion_discount_rate",
      "null_percentage": 0,
      "type": "Number",
      "min": 2,
      "max": 10,
      "decimals": 0,
      "formula": null
    },
    {
      "name": "is_active",
      "null_percentage": 0,
      "type": "Boolean",
      "formula": null
    }
  ]
}