{
  "num_rows": 20,
  "file_format": "sql",
  "name": "Spring Kafka - Finance Invoices",
  "table_name": "fin_invoices",
  "include_create_sql": true,
  "columns": [
    {
      "name": "invoice_id",
      "null_percentage": 0,
      "type": "Row Number",
      "formula": null
    },
    {
      "name": "invoice_amount",
      "null_percentage": 0,
      "type": "Number",
      "min": 500,
      "max": 5000,
      "decimals": 0,
      "formula": null
    },
    {
      "name": "invoice_currency",
      "null_percentage": 0,
      "type": "Custom List",
      "values": [
        "USD"
      ],
      "selectionStyle": "random",
      "distribution": null,
      "formula": null
    },
    {
      "name": "invoice_number",
      "null_percentage": 0,
      "type": "Character Sequence",
      "format": "INV-######-^^^",
      "formula": null
    },
    {
      "name": "invoice_date",
      "null_percentage": 0,
      "type": "Datetime",
      "min": "02/04/2021",
      "max": "12/31/2022",
      "format": "%Y-%m-%d",
      "formula": null
    }
  ]
}